<?xml version="1.0" encoding="utf-8"?>
<ArrayOfSession xmlns:xsi="http://www.w3.org/2001/XMLSchema-instance" xmlns:xsd="http://www.w3.org/2001/XMLSchema">
  <Session Id="0">
    <TimeZoneOffset>03:00:00</TimeZoneOffset>
    <Interval>
      <Start>2023-01-31T12:00:07.5537109</Start>
      <End>2023-02-02T12:02:28.0966796</End>
    </Interval>
    <StartLocalTimeString>2023-01-31 12:00:07.553</StartLocalTimeString>
    <EndLocalTimeString>2023-02-02 12:02:28.096</EndLocalTimeString>
    <ExperimentFileName>2_Nosepoke_adaptation - Stim9and2fromStim10.experiment</ExperimentFileName>
    <VisitMode>Mode2</VisitMode>
    <VisitDurationLimit>10</VisitDurationLimit>
    <DiagnosticMode>true</DiagnosticMode>
    <SoftwareVersion>3.2.7.0</SoftwareVersion>
    <Hardware>
      <SerialPort>
        <PortName>COM3</PortName>
        <BaudRate>115200</BaudRate>
        <ReadBufferSize>102400</ReadBufferSize>
        <WriteBufferSize>102400</WriteBufferSize>
      </SerialPort>
      <CanDevice>
        <VciObjectId>0</VciObjectId>
        <DeviceClass>00000000-0000-0000-0000-000000000000</DeviceClass>
      </CanDevice>
    </Hardware>
  </Session>
</ArrayOfSession>