<?xml version="1.0" encoding="utf-8"?>
<ArrayOfSession xmlns:xsi="http://www.w3.org/2001/XMLSchema-instance" xmlns:xsd="http://www.w3.org/2001/XMLSchema">
  <Session Id="0">
    <TimeZoneOffset>03:00:00</TimeZoneOffset>
    <Interval>
      <Start>2022-05-19T12:00:14.040039</Start>
      <End>2022-05-22T12:00:42.1972656</End>
    </Interval>
    <StartLocalTimeString>2022-05-19 12:00:14.040</StartLocalTimeString>
    <EndLocalTimeString>2022-05-22 12:00:42.197</EndLocalTimeString>
    <ExperimentFileName>1_Adaptation_test - control3.experiment</ExperimentFileName>
    <VisitMode>Mode2</VisitMode>
    <VisitDurationLimit>10</VisitDurationLimit>
    <DiagnosticMode>true</DiagnosticMode>
    <SoftwareVersion>3.2.7.0</SoftwareVersion>
    <Hardware>
      <SerialPort>
        <PortName>COM3</PortName>
        <BaudRate>115200</BaudRate>
        <ReadBufferSize>102400</ReadBufferSize>
        <WriteBufferSize>102400</WriteBufferSize>
      </SerialPort>
      <CanDevice>
        <VciObjectId>0</VciObjectId>
        <DeviceClass>00000000-0000-0000-0000-000000000000</DeviceClass>
      </CanDevice>
    </Hardware>
  </Session>
</ArrayOfSession>